version,mean_latency_ms,std_latency_ms
baseline,347.774333,0.140224
v0,0.387981,0.000052
v1,0.393741,0.008559
v2,0.422620,0.016762
v3,0.291371,0.000183
v4,0.290842,0.000064
v5,0.290299,0.000082
v6,1.654690,0.044254
v7,0.273412,0.000012
